UNITID,ADM_RATE,SAT25,SAT75
100654,0.71600609756097,840,1030
100663,0.88535192339996,1173,1388
100706,0.73672375021622,1170,1420
100724,0.97991295614328,839,1050
100751,0.78904316258456,1070,1370
100830,0.96798825256975,950,1160
100858,0.71182881349795,,
100937,0.65908167411621,1090,1240
101189,0.64600781686208,990,1205
101365,0.94095092024539,,
101435,0.69301164725457,980,1070
101480,0.76342650004769,1010,1240
101587,0.74333983105912,880,980
101648,0.45353982300884,1100,1300
101693,0.64092446448703,,
101709,0.90086526576019,970,1200
101879,0.89970674486803,,
101912,0.71850170261066,,
102049,0.83874792506521,1100,1290
102094,0.7077938563087,985,1215
102234,0.71523178807947,970,1060
102270,0.75798319327731,,
102368,0.95270469997044,935,1150
102377,0.34197976038152,920,1130
102395,1,,
102553,0.69046925094724,,
102614,0.64693295292439,1110,1360
102632,0.5625,,
102669,0.96031746031746,,
104151,0.86360587857934,,
104179,0.87269322792052,1120,1370
104586,0.72428128523111,1140,1350
104717,0.82835517213314,,
105330,0.78354170554207,,
105367,0.53168376584188,,
105589,0.99319727891156,,
105899,0.75941080196399,960,1170
106245,0.57686212361331,1020,1180
106342,0.27209492635024,1050,1195
106397,0.82671698816512,1050,1220
106412,0.6752500532028,810,1016
106458,0.63290488431876,1030,1200
106467,0.94371180443872,,
106546,0,,
106704,0.9237246161466,980,1160
106713,0.6160458452722,903,1136
107044,0.54136363636363,1050,1300
107071,0.75010517458981,978,1151
107080,0.68301886792452,1090,1340
107141,0.5286783042394,1100,1320
107512,0.7375478927203,,
107558,0.55370177267987,950,1130
107585,1,,
107877,0.64098221845893,835,1110
107983,0.62602204052612,930,1140
108852,0.71095152603231,,
109651,0.75560081466395,,
109785,0.94101336022183,966,1266
110097,0.60771704180064,1103,1348
110361,0.63732320033776,,
110370,0.77625570776255,,
110404,0.03915246430216,,
110413,0.81935164563226,1090,1290
110422,0.32999816749129,,
110468,1,,
110486,0.85211610183233,,
110495,0.94756097560975,,
110510,0.90970360726047,,
110529,0.606243632659,,
110538,0.85472736368184,,
110547,0.89594408936144,,
110556,0.97275293808679,,
110565,0.59430660168365,,
110574,0.8235741971207,,
110583,0.46852000834301,,
110592,0.90541696608835,,
110608,0.88104497801826,,
110617,0.93684488681405,,
110635,0.14440417216841,,
110644,0.48754591368227,,
110653,0.28818897637795,,
110662,0.10773609388553,,
110671,0.65380088092345,,
110680,0.34204213336036,,
110705,0.29178065334481,,
110714,0.58638463408704,,
110918,1,,
111081,0.28976311336717,,
111188,0.82089552238805,,
111638,1,,
111948,0.60372234733077,1210,1410
111966,0.63291139240506,,
112075,0.81378254211332,1030,1260
112084,0.52704257767548,,
112260,0.11239346590909,1420,1530
112394,0.5064935064935,,
113582,1,,
113698,0.92932862190812,1063,1275
114354,0.35973154362416,,
114813,0.77862595419847,970,1240
115409,0.09985222714798,1480,1560
115728,0.95305832147937,,
115755,0.91458719520889,,
117104,0.93965517241379,,
117140,0.71942446043165,905,1135
117168,0.83304647160068,,
117283,0.36231884057971,,
117627,0.6606749816581,880,1140
117751,0.6698024459078,,
117946,0.45823050669467,1250,1420
118198,0.95813953488372,,
118693,0.69775070290534,,
118888,0.79811097992916,1378,1413
119058,0.13447001511842,,
119173,0.90116959064327,,
119270,0.78571428571428,,
119605,0.54545454545454,,
119775,0.6084656084656,,
120166,0.01424082103504,,
120254,0.3824480369515,1340,1490
120403,0.79816112084063,1130,1360
120537,0.3997233748271,1000,1180
120661,0.98785425101214,,
120768,0.13043478260869,,
120865,0.57730263157894,,
120883,0.79304650949454,1120,1380
121150,0.52711935892028,1260,1440
121257,0.18307943416757,,
121309,0.83660130718954,1170,1350
121345,0.06635111876075,1470,1570
121691,0.82968499733048,1110,1280
122409,0.3790422701744,,
122436,0.52701382102471,,
122506,0.46445497630331,,
122597,0.92915001620045,,
122612,0.70923475773288,1190,1390
122728,0.77777777777777,,
122755,0.84366479419204,,
122931,0.53982668566001,1330,1490
123165,0.29539295392953,1380,1520
123280,1,,
123448,0.9142091152815,,
123457,0.66946484784889,,
123554,0.70082316207777,,
123572,0.93734666918286,,
123651,0.69009256085018,980,1200
123679,0.97885835095137,,
123952,0.64858490566037,1180,1410
123961,0.12507215159578,1410,1540
124292,0.83141762452107,1180,1370
124706,0.99067599067599,,
124937,0.98076923076923,,
125727,0.78967576791808,1160,1460
125763,0.82489597780859,1120,1340
125897,0.63041982105987,,
126076,0.6860465116279,,
126182,0.99825276645311,920,1140
126359,0.81268011527377,,
126562,0.72047407818131,1030,1250
126580,0.95268907563025,,
126614,0.79582146248812,1170,1390
126678,0.14250569476082,,
126687,0.85427135678391,,
126775,0.56879055065712,1310,1470
126784,0.98148148148148,,
126818,0.89640980181092,1080,1290
127060,0.63629153080109,1200,1390
127185,0.92753623188405,970,1200
127556,0.80240039594159,948,1200
127565,0.888200955245,910,1140
127653,1,,
127741,0.91134751773049,970,1210
127918,0.8137271354254,1030,1270
127954,1,,
128106,0.99172346640701,940,1130
128328,0.12432617438179,1208,1490
128391,0.90872648781992,1040,1230
128498,0.81726907630522,,
128586,0.74193548387096,,
128744,0.73137651821862,950,1130
128771,0.74828957836117,950,1180
128902,0.40952876854985,1333,1476
129020,0.60840937480151,1230,1430
129215,0.73196544276457,,
129242,0.55807164273315,1230,1380
129428,0.53017487712881,,
129525,0.78794858459023,1080,1270
129774,0.77985377741673,,
129941,0.94129672897196,1100,1280
130110,0.96226415094339,,
130226,0.88124920493575,,
130253,0.66121772091921,,
130314,0.78251121076233,1036,1181
130493,0.82931176309295,,
130590,0.37747635195431,1333,1480
130624,0.1927536231884,1200,1390
130697,0.19438279635723,1300,1510
130776,0.8485494880546,,
130794,0.0531117696867,1480,1580
130934,0.58837111670864,,
130943,0.72349095599659,1155,1340
130989,0.62884615384615,,
131159,0.64091603053435,1280,1440
131283,0.86005089058524,,
131450,0.61691542288557,765,1158
131469,0.49709942722866,1310,1490
131496,0.1198378515328,1410,1550
131520,0.35249693835896,1080,1290
131830,1,,
131876,0.97286295793758,,
132408,1,931,1055
132471,0.63693549901417,,
132602,0.99838622915546,820,990
132657,0.83013622463163,1030,1200
132842,0.94329896907216,,
132879,0.67307692307692,820,1010
132903,0.36373112060332,1170,1350
133492,0.70376344086021,,
133526,0.80108730412536,,
133553,0.72428128523111,1140,1330
133650,0.35287369507858,1010,1150
133669,0.78006203276602,1020,1200
133711,0.74038282847054,990,1180
133809,0.82720588235294,900,1160
133845,0.94339622641509,,
133854,0.98170731707317,,
133863,0.93449781659388,,
133872,0.90272373540856,,
133881,0.66342502547003,1140,1340
133951,0.64013165914909,1060,1240
133979,0.56755212796343,,
134079,0.60879263872107,1160,1335
134097,0.37070590940446,1180,1340
134130,0.31321616672644,1300,1470
134945,0.77616606227335,1020,1250
135081,0.96067961165048,,
135364,0.47368421052631,,
135610,0.9142091152815,,
135726,0.28493312818084,1300,1460
136172,0.77486878280429,1000,1210
136215,0.92501489488467,1040,1310
136330,0.89859594383775,1030,1240
136774,0.68729333963155,,
136950,0.48685931739802,,
137032,0.70662304184017,930,1150
137272,0.94736842105263,,
137351,0.49378376231331,1140,1330
137476,0.70862401662461,860,1060
137546,0.91641468682505,1090,1295
137564,0.4491902834008,960,1183
137847,0.53549720398735,1070,1240
137953,0.43010752688172,866,1100
137962,0.46715328467153,860,1050
138275,0.53127753303964,830,1070
138293,0.27456428391007,,
138354,0.52806004618937,1040,1230
138558,0.75363636363636,940,1130
138600,0.69846153846153,,
138761,0.51333333333333,920,1180
138868,0.46562905317769,890,1130
138947,0.58242612752721,860,1053
139144,0.69899028386359,1120,1316
139199,0.89105263157894,1000,1130
139205,0.79740680713128,880,1010
139250,0.9735322425409,805,1018
139311,0.62561041779707,,
139366,0.78521327014218,870,1130
139393,0.88539042821158,1070,1300
139630,0.77837259100642,980,1160
139658,0.15602281623979,1420,1540
139719,0.72256153988524,810,950
139755,0.15959861968761,1310,1500
139764,0.85584494245911,990,1170
139861,0.87675372328944,1070,1260
139931,0.90512917318375,990,1200
139940,0.99989183732333,1050,1290
139959,0.39983175711845,1270,1450
139968,0.87644787644787,900,1080
140234,0.74822974036191,,
140252,0.95911949685534,890,1085
140340,0.94095092024539,,
140447,0.75406193584224,1220,1400
140553,0.65184008472332,,
140696,0.8129117259552,1070,1280
140720,0.52009456264775,,
140818,0.66996233521657,1010,1220
140872,0.7039603960396,,
140951,0.80776451656162,,
140988,0.81201044386422,960,1190
141060,0.50760558339298,,
141167,0.28839390386869,780,1240
141185,0.61888509670079,1000,1180
141237,0.68815165876777,1070,1205
141264,0.76369942196531,940,1140
141325,0.62164750957854,1033,1210
141334,0.69697428139183,940,1130
141361,0.74756756756756,,
141486,0.90079893475366,,
141565,0.92172413793103,1000,1210
141574,0.69980109144693,1080,1290
141644,0.85319718781386,1070,1238
141981,0.94616419919246,970,1220
142090,0.79411764705882,890,1200
142115,0.83128834355828,,
142285,0.81383737517831,990,1220
142294,0.56293302540415,1080,1246
142328,1,,
142461,0.88146324305311,970,1230
142522,0.96567299006323,990,1200
142957,1,,
143048,0.80976863753213,,
143084,0.69126506024096,,
143118,0.86423734279264,960,1130
143288,0.66225165562913,888,1125
143358,0.75863092293995,1060,1280
143978,0.19747899159663,,
144005,0.47471383975026,,
144050,0.06478116606098,1510,1580
144281,0.95635910224438,,
144351,0.87811387900355,,
144740,0.69443491816056,,
144892,0.71742477256822,900,1140
144962,0.71291866028708,1013,1220
144971,0.86659064994298,870,1155
145239,0.60975609756097,,
145336,0.52054794520547,830,1060
145354,1,,
145372,0.79543197616683,900,1170
145497,0.8,,
145600,0.78803036286253,1080,1310
145619,0.80020632737276,1050,1280
145637,0.59662135187947,1320,1510
145646,0.45234426590358,1110,1310
145691,0.74758659852356,950,1150
145725,0.66109492409139,1230,1410
145813,0.91538655250566,1000,1200
146339,0.62398373983739,910,1140
146427,0.70238484155504,1150,1380
146481,0.64433226250573,1130,1345
146612,0.71259568545581,1050,1240
146676,0.74262461851475,710,800
146719,0.76980224196277,1160,1360
147013,0.77677053824362,,
147129,1,800,1160
147244,0.74811413578222,960,1190
147341,0.65637371338083,1080,1300
147369,0.97651006711409,,
147536,0.97035573122529,,
147660,0.68402548890353,1030,1230
147679,0.67135455218356,890,1162
147703,0.7044509335457,,
147767,0.06971618103954,1470,1570
147776,0.62106501912327,,
147828,0.60550926713144,970,1200
148016,0.84057971014492,1028,1193
148131,0.59797297297297,1060,1240
148405,0.66784869976359,880,1120
148487,0.9229031347077,860,1120
148496,0.80936280884265,910,1160
148584,0.68233799237611,920,1170
148627,0.84794344473007,,
148654,0.79487179487179,990,1250
149028,1,,
149222,0.95148132245598,930,1160
149231,0.98065591995553,920,1160
149310,0.89130434782608,,
149329,0.93333333333333,,
149505,0.76240458015267,950,1220
149514,0.9142091152815,980,1120
149639,1,,
149772,0.72484628283957,,
149781,0.86251881585549,1250,1430
150066,0.62445912092917,960,1160
150136,0.68165773303699,1010,1210
150145,0.9792,,
150163,0.80547588005215,1150,1340
150400,0.64670763827919,1160,1420
150455,0.69077757685352,1100,1340
150534,0.74952198852772,1050,1250
150604,0.94650723725613,960,1180
150668,0.92849846782431,990,1270
150677,0.83164739884393,990,1220
150756,0.72789896670493,1110,1310
150774,0.85942492012779,1110,1320
150941,0.78774016468435,1010,1208
151102,0.83202929915099,1000,1210
151111,0.83611952086349,1040,1230
151263,0.77853725222146,,
151290,0.65008025682183,,
151306,0.96405482286009,1020,1230
151324,0.93680947460456,,
151333,0.90350877192982,1000,1180
151342,0.88942731277533,980,1190
151351,0.85042367413652,1160,1380
151360,0.85481927710843,940,1140
151379,0.90054972513743,980,1190
151388,0.80512422360248,1000,1220
151467,0.73630136986301,,
151777,0.76079077429983,,
151786,0.73087908600444,,
151801,0.91907216494845,990,1200
152080,0.1506640724135,1410,1550
152099,0.72617743702081,960,1180
152318,0.77402998236331,1270,1480
152336,0.99395313681027,960,1150
152381,0.70320197044334,975,1120
152390,0.83071033602722,1055,1265
152497,1,860,1050
152530,0.72852233676975,,
152567,0.78499520613614,1030,1240
152600,0.93174733388022,,
152673,0.61590214067278,1140,1340
152798,1,,
153001,0.65980560320182,963,1140
153108,0.74523160762942,1000,1260
153126,0.88783649052841,900,1120
153144,0.72659711304844,,
153162,0.81100141043723,1155,1405
153241,1,,
153250,0.73228840125391,1050,1290
153269,0.69074634392334,1190,1410
153278,0.76430446194225,,
153302,0.99056603773584,1100,1240
153320,0.56140350877192,1020,1180
153366,0.66621712744436,880,1120
153375,0.99546742209631,920,1080
153384,0.10539332255302,1370,1530
153603,0.91123446480326,1083,1330
153621,0.81901372648703,820,1020
153658,0.86208433627529,1130,1350
153825,0.7195589645254,,
153834,0.76072144288577,1088,1318
153861,0.94827586206896,,
153977,0.96969696969696,,
154004,0.73800061143381,,
154013,0.80985915492957,,
154095,0.85792120704107,980,1190
154101,0.83020477815699,940,1240
154235,0.72409488139825,1030,1190
154262,1,,
154350,0.90827067669172,890,1280
154493,0.64919354838709,855,1065
154518,0.72288058340929,,
154527,0.82753479125248,973,1198
154590,0.57678442682047,830,1030
154688,0.9905808477237,970,1130
154712,0.9849706744868,1100,1350
154721,0.71869052150742,810,1015
154749,0.70602409638554,990,1160
155025,0.88372093023255,,
155061,0.90335503254882,,
155070,0.5414847161572,,
155089,0.57667031763417,,
155140,0.93548387096774,,
155283,0.9375,,
155317,0.92497545008183,1090,1330
155335,0.71654676258992,,
155399,0.95611891671757,,
155414,0.67643678160919,,
155423,0.43835616438356,,
155496,0.47863247863247,,
155511,0.84615384615384,,
155520,0.64652014652014,820,990
155627,0.53168376584188,800,1160
155636,0.53168376584188,,
155681,0.93637184115523,,
155812,0.80941828254847,,
155900,0.69133034379671,920,1110
155937,0.47397047397047,996,1166
155973,0.54472140762463,,
156082,0.43835616438356,,
156125,0.9105746811137,983,1220
156189,0.35818782444549,760,1140
156213,0.77442273534635,,
156286,0.8550141911069,1110,1280
156295,0.33006912442396,1118,1268
156356,0.53125,920,1190
156408,0.67978184651343,1235,1465
156541,0.85025264124942,940,1200
156620,0.98345055854364,950,1180
156745,0.74529667149059,,
157030,0.48214285714285,,
157058,0.65198792148968,,
157076,0.67229977957384,920,1140
157085,0.94012445263885,1083,1330
157100,0.57682177348551,800,1030
157289,0.74694273697832,1050,1270
157377,0.77744510978043,940,1120
157386,0.8982952903785,,
157401,0.85159667541557,960,1200
157447,0.80292300738285,983,1210
157748,0.80281690140845,1040,1250
157757,0.8978417266187,930,1100
157809,0.96432552954292,,
157818,0.9196811771919,1050,1330
157863,0.56431535269709,955,1148
157951,0.98483804272915,,
158477,0.63127853881278,1020,1250
158802,0.5521978021978,960,1120
159009,0.7245598328857,822,1040
159382,0.58286074354127,970,1210
159391,0.70859659199693,1130,1320
159416,0.90734463276836,870,1070
159568,0.76089266737513,940,1080
159647,0.65833764888658,1070,1280
159656,0.78269617706237,,
159717,0.68757214313197,990,1170
159939,0.80578732469376,1010,1280
159966,0.97185048454084,1038,1228
159993,0.69888776541961,1060,1270
160038,0.96281433921883,920,1120
160065,0.75,,
160074,0.54527938342967,,
160612,0.98935037273695,,
160621,0.58882002105016,840,1015
160630,0.79286798179059,,
160658,0.78345662407531,1023,1198
160755,0.09632070291048,1360,1510
160904,0.95406844106463,990,1150
160959,0.61142857142857,,
160977,0.17311108074873,,
161004,0.08815013404825,,
161022,0.84615384615384,,
161086,0.08873052910386,1400,1530
161226,0.96685787125557,,
161235,0.99875,,
161253,0.96458402940193,1060,1280
161299,0.5770964833183,,
161341,0.99875,,
161457,0.89989506820566,,
161509,0.72072072072072,,
161518,0.80576070901033,1020,1230
161554,0.86992773763201,995,1230
161572,0.91422666207371,,
161873,0.8943396226415,955,1135
162007,0.8704298915227,840,1020
162061,0.46543778801843,,
162210,0.61754587155963,,
162283,0.47918367346938,780,1060
162584,0.86050851411243,980,1200
162654,0.8234214390602,1086,1360
162760,0.76785714285714,,
162928,0.07521194483107,,
163046,0.84212793452509,,
163268,0.81195348417921,1220,1410
163286,0.52027579060638,1330,1510
163295,0.85746901500326,,
163338,0.81901639344262,,
163453,0.87104857363145,850,1090
163462,0.81753246753246,,
163532,0.8235294117647,,
163578,0.65088105726872,,
163851,0.86464698998829,,
163912,0.77332869080779,1135,1340
163976,0.53154084798345,1290,1480
164076,0.87921831955922,1040,1220
164155,0.08447586842914,1200,1420
164173,0.90882419318438,,
164216,0.69858278603525,,
164270,0.86677294465953,,
164368,0.50702341137123,,
164447,0.57870635374928,940,1110
164465,0.08743481677262,1370,1550
164492,0.72846367606192,,
164535,0.95454545454545,,
164562,0.8648581383773,,
164580,0.25351914414414,1330,1480
164614,0.63636363636363,,
164632,0.75407779171894,1018,1205
164641,0.5,,
164739,0.60938674685855,1240,1413
164748,0.55174786677676,,
164924,0.19040807107363,1420,1530
164988,0.18645253239726,1360,1520
165015,0.39138423846467,1370,1530
165024,0.86375408174755,1010,1200
165060,0.42857142857142,,
165264,0.75,,
165334,0.48030916451969,1218,1403
165529,0.80315870570107,1083,1165
165574,0.73598700243704,,
165608,1,,
165644,0.64075382803298,960,1315
165662,0.45280082987551,1200,1400
165671,0.73880105401844,1150,1280
165699,0.77210682492581,,
165802,0.72350707628581,800,1070
165820,0.8526654950205,980,1180
165866,0.83799101035763,990,1175
165936,0.77428180574555,1153,1370
166018,0.75149253731343,,
166027,0.04011352230644,1480,1580
166054,0.75675675675675,,
166124,0.42874730686365,1240,1420
166391,0.85058823529411,1080,1325
166452,0.86947654656696,,
166489,0.61257976298997,,
166513,0.84567357720323,1170,1340
166629,0.65531264692054,1250,1460
166638,0.7889885857291,1060,1280
166656,0.97709451093685,1090,1390
166674,0.78668310727496,,
166683,0.04106498194945,,
166692,0.90083410565338,,
166850,0.80304918975932,,
166939,0.52304205489801,1300,1510
167057,0.43277310924369,,
167260,0.84769721842225,970,1160
167288,0.90955506929248,,
167358,0.18378874063048,1430,1550
167394,0.67923322683706,1050,1195
167598,0.89058999253174,,
167729,0.90011134086209,,
167783,0.83532423208191,1140,1360
167792,0.61257976298997,,
167835,0.29914248021108,1370,1530
167871,0.28358208955223,,
167899,0.76901507185418,1110,1320
167987,0.92220969560315,1030,1260
167996,0.72004432746917,,
168005,0.8802826289828,1080,1280
168148,0.1143021988589,1440,1550
168218,0.16181652094479,1400,1540
168227,0.89542363536114,1140,1330
168254,0.89882537196554,1128,1280
168263,0.94351060898319,980,1190
168281,0.82062298603652,1160,1360
168342,0.08825891423064,,
168421,0.60214569058781,,
168430,0.89320951828206,1030,1193
168528,0.75986842105263,940,1150
168546,0.69276285844333,,
168591,0.68775790921595,,
168740,0.8151487826871,1050,1300
168786,0.89036312849162,1000,1170
168847,0.40991839296924,,
169080,0.75062719518314,1120,1340
169248,0.77080520602689,1010,1220
169327,0.75865687303252,950,1170
169363,0.66816494039476,,
169442,0.53804713804713,,
169479,0.98265460030165,,
169576,0.64705882352941,,
169655,0.99653379549393,,
169716,0.93235625704622,1060,1250
169798,0.84605278190334,930,1180
169910,0.84770992366412,930,1150
169983,0.85593697242543,1140,1340
170000,1,,
170037,0.91315652626105,970,1220
170082,0.91650643826836,,
170286,0.23680694722778,1340,1510
170301,0.92377756471716,1100,1330
170532,0.79582089552238,1160,1380
170639,0.7328909166321,950,1160
170675,0.81067777357061,,
170806,0.52255947497949,890,1140
170967,0.98089171974522,,
170976,0.20153493096572,,
171100,0.83251036934623,1100,1320
171128,0.85748041288396,1130,1335
171137,0.68766274023558,1050,1300
171146,0.7386222332753,1015,1250
171456,0.71265069433847,,
171492,0.83348174532502,,
171571,0.92090183184593,970,1230
171599,0.885,910,1120
171881,0.68867924528301,,
172033,1,,
172051,0.77809798270893,960,1170
172264,0.68442077230359,,
172334,0.59943181818181,,
172440,0.78213507625272,,
172644,0.63256702457018,1030,1260
172699,0.82809101999681,1000,1220
173045,0.76368794326241,1188,1376
173124,0.74951380785686,,
173142,0.61484593837535,,
173160,0.88682926829268,1123,1343
173258,0.175489576753,1408,1550
173300,0.71995764955002,1080,1218
173328,0.67887323943661,,
173452,0.91370558375634,1080,1250
173647,0.72571729402474,,
173665,0.76430002225684,1170,1280
173902,0.31262436435993,1340,1515
173920,0.69479663251851,,
173957,0.49056603773584,,
174020,0.66615384615384,,
174066,0.73447121097547,1310,1490
174075,0.48160535117056,,
174127,0.6551724137931,,
174154,0.94095092024539,,
174233,0.79542143600416,1160,1270
174251,0.76059564719358,,
174358,0.71714922048997,1040,1180
174437,0.94032549728752,,
174491,0.82332155477031,,
174747,0.91788856304985,1110,1220
174783,0.94323557237464,,
174792,0.88651102464332,1085,1240
174817,0.97794580970384,,
174844,0.47428395441946,1240,1430
174862,0.6509330406147,,
174899,0.73694298035457,1110,1310
174914,0.75525768430783,1120,1380
175005,0.74887892376681,890,1210
175078,0.91028708133971,,
175227,0.99038461538461,,
175272,0.76907216494845,970,1280
175342,0.38908487238016,853,1073
175421,0.64017907106883,980,1260
175430,0.99086757990867,1040,1160
175616,0.99778024417314,950,1190
175856,0.62111801242236,940,980
175980,0.68063063063063,1135,1354
176017,0.89662587681122,1025,1225
176035,0.99289099526066,850,1180
176044,0.78605388272583,,
176053,0.48995297135528,,
176080,0.76116789970068,1030,1280
176318,0.37600613261786,,
176372,0.95791281941163,,
176406,0.55811836115326,790,1090
176451,0.78571428571428,,
176479,0.57446808510638,980,1320
176628,0.68003866602223,933,1160
176770,0.39393939393939,,
176789,0.59302325581395,870,1370
176947,0.98970588235294,908,1118
176965,0.75778953556731,,
176983,0.98181818181818,,
177038,1,,
177083,1,,
177117,0.6054054054054,1030,1120
177144,0.92544987146529,970,1080
177214,0.65418163160595,1050,1270
177339,0.63643790849673,,
177418,0.78114478114478,,
177542,0.65050505050505,1070,1317
177746,0.59977703455964,,
177931,0.38095238095238,,
177968,0.74843517138599,860,1210
177986,0.6551724137931,,
178059,0.91537812763564,1000,1230
178183,0.76388888888888,,
178208,0.97641509433962,,
178244,0.61802575107296,870,1110
178341,0.96873156342182,950,1170
178369,0.65883859948761,750,1100
178396,0.76545126715416,1130,1350
178402,0.7598147775317,1143,1506
178411,0.85396710645219,1290,1460
178420,0.56614276358873,1020,1300
178615,0.6098820058997,1093,1290
178624,0.85580338116209,953,1133
178679,0.98054474708171,,
178697,0.20509259259259,1010,1213
179043,0.66657018813314,1083,1288
179052,0.75,,
179159,0.70047185485478,1220,1430
179256,0.27777777777777,,
179265,0.91081593927893,1110,1240
179326,0.96211251435132,1000,1210
179511,1,,
179548,0.63663220088626,1030,1170
179557,0.7930126161098,,
179566,0.93851531976146,1010,1200
179867,0.13001724445501,1490,1570
179894,0.59448332647179,1033,1250
179946,0.9667638483965,880,1160
179955,0.4700427960057,1090,1270
179964,0.68302945301542,,
180081,0.89836888331242,,
180106,0.83922615076717,1100,1280
180258,1,1140,1280
180416,0.89836888331242,1090,1290
180461,0.73004001346247,1070,1300
180489,0.82137425687819,1070,1280
180595,0.80659025787965,975,1180
180692,0.33333333333333,,
180717,0.68518518518518,,
180832,0.96,,
180878,0.9090909090909,,
180984,0.84745762711864,1000,1250
181002,0.77746409721369,1130,1370
181020,0.77197958026091,,
181127,0.70889487870619,,
181215,0.90322580645161,938,1133
181297,0.83809523809523,,
181330,0.6374926079243,905,1150
181394,0.87246343951932,,
181446,0.81810929397686,1040,1290
181464,0.81074542897327,1090,1320
181543,0.4,,
181604,0.38193018480492,,
181738,0.98476454293628,980,1130
181765,0.81074542897327,,
181853,0.61795407098121,790,1160
182281,0.83477927063339,,
182290,0.88164738350493,1060,1270
182458,0.66666666666666,920,1200
182634,0.9306984298863,,
182670,0.06171533361546,1440,1560
182795,0.88532526475037,,
182829,0.86656891495601,,
182917,0.95348837209302,,
182980,0.99983198924731,,
183026,0.92068829821486,,
183044,0.86656891495601,1110,1300
183062,0.88094245204336,970,1170
183071,0.86656891495601,1110,1270
183080,0.91671528588098,,
183211,0.83677910772578,,
183239,0.77589218866982,1140,1320
183822,0.84033613445378,817,1064
183910,0.95964510589582,1000,1310
183974,0.97622585438335,990,1170
184348,0.7970073404856,,
184603,0.84642901196496,,
184612,0.91980927611616,890,1140
184694,0.84642901196496,,
184773,0.79601328903654,980,1175
184782,0.83772193155502,1070,1280
184968,0.15384615384615,,
185129,0.90655209452201,890,1140
185174,0.84615384615384,,
185262,0.79155614500442,920,1120
185572,0.83540448343079,1070,1250
185590,0.90610454229308,1010,1210
185679,1,,
185828,0.69139747797547,1180,1430
186131,0.04380202654184,1460,1570
186186,0.86746987951807,,
186201,0.7010101010101,1100,1280
186283,0.81947446251848,1050,1270
186371,0.71820336469253,1040,1230
186380,0.71820336469253,1240,1470
186399,0.71820336469253,1030,1270
186432,0.92843547773125,970,1150
186584,0.76611009095955,1200,1370
186618,0.73696682464454,,
186867,0.52694346289752,1370,1510
186876,0.84536577557227,1050,1250
186900,0.8,,
187134,0.61984027710959,1170,1350
187444,0.83262457747246,,
187620,0.57255684084563,,
187648,0.325,860,1100
187666,0.325,,
187745,1,,
187912,0.4072072072072,,
187958,0.97267759562841,,
187967,0.96719681908548,1110,1320
187976,0.97267759562841,,
187985,0.97267759562841,,
187994,0.57255684084563,,
188003,0.57255684084563,,
188021,0.57255684084563,,
188030,0.57255684084563,920,1140
188049,0.97267759562841,,
188225,0.97267759562841,,
188429,0.77462074110917,1080,1310
188526,0.71823828345567,1170,1390
188641,0.67163222809546,1070,1300
188669,0.68085106382978,,
188678,0.71095152603231,,
188696,0.67744418783679,,
188854,0.22062300812172,,
188915,0.14285714285714,,
188942,1,,
189088,0.61257976298997,,
189097,0.11467051467051,1425,1550
189273,0.66666666666666,,
189705,0.81461286804798,1050,1250
189848,0.67610619469026,957,1177
189857,0.92222222222222,,
190008,0.33333333333333,,
190044,0.74582798459563,1180,1380
190099,0.17189281641961,1350,1500
190114,0.77272727272727,,
190150,0.04130256913762,1470,1570
190372,0.14675130694548,,
190415,0.08685069753636,1450,1560
190424,0.08685069753636,,
190451,0.48571428571428,,
190503,0.98103112840466,,
190512,0.50563284117094,,
190549,0.51359304932735,,
190567,0.64064153969526,,
190594,0.4589636913767,,
190600,0.44583000266453,,
190637,0.57887939598648,,
190646,0.85872970663628,,
190655,0.82497893850042,,
190664,0.6078431372549,,
190691,0.67015593416113,,
190707,0.16666666666666,,
190716,0.92449755567626,1030,1225
190725,0.78435444790584,,
190752,0.81481481481481,,
190761,0.75598991172761,993,1123
190956,0.25,,
190983,0.93777134587554,,
191126,0.51678708032299,,
191205,0.45780590717299,,
191241,0.58303619665045,1300,1480
191515,0.14072494669509,1410,1540
191533,0.95609899823217,1000,1220
191597,0.39189189189189,,
191621,0.92638623326959,898,1113
191630,0.67430703624733,1170,1370
191649,0.67756971791368,1180,1370
191676,0.7906746031746,1080,1290
191931,0.92558490566037,1060,1260
191940,0.91935483870967,,
191968,0.777314986984,,
192004,0.86111111111111,,
192040,0.5042735042735,1346,1488
192110,0.07429547395388,,
192192,0.93638048177887,1008,1250
192271,0.84269662921348,,
192323,0.73398552666845,1140,1290
192448,0.933191758021,1100,1320
192509,0.68983957219251,,
192624,0.94871794871794,,
192703,0.74790680742628,,
192712,0.48985507246376,,
192749,0.82935038707505,1020,1230
192785,0.37446808510638,,
192800,1,,
192819,0.59949926616593,1196,1360
192864,0.76908368877776,1050,1253
192925,0.69987922705314,,
192961,1,,
193016,0.85782722917632,910,1190
193052,0.72,,
193061,0.72222222222222,,
193070,0.64,,
193247,0.8,,
193292,0.79326546593578,1110,1320
193308,0.39141742522756,,
193353,0.91451149425287,1000,1170
193380,0.15306122448979,,
193399,0.8210909090909,1000,1230
193584,0.85629629629629,,
193609,0.6,,
193654,0.66295379537953,,
193900,0.12961043583864,1450,1570
193973,0.92199558985667,1050,1243
194091,0.80351513993695,1100,1320
194116,0.5392670157068,,
194161,0.99647887323943,848,1093
194189,1,,
194310,0.87622504537205,1120,1310
194392,0.74711760184473,,
194499,0.3,,
194569,1,,
194578,0.67861651098207,1190,1410
194657,0.91379310344827,,
194693,1,,
194718,1,,
194736,1,,
194763,0.95689655172413,,
194824,0.53017487712881,1360,1520
194958,0.87388059701492,1020,1250
195003,0.7136340829266,1270,1450
195030,0.4054648723328,1370,1520
195128,0.73089171974522,,
195164,0.78108108108108,1070,1270
195173,0.85249554367201,990,1240
195191,0.61538461538461,,
195216,0.56545907609737,1220,1400
195234,0.76331491712707,,
195243,0.89202540578687,1035,1235
195289,0.75,,
195304,0.58468104222821,1260,1470
195474,0.8283122019309,,
195526,0.30592340730136,1270,1440
195544,0.79766252739225,1060,1250
195702,0.66666666666666,,
195720,0.7109634551495,1110,1270
195809,0.85142446529715,1100,1310
196006,0.82093663911845,,
196015,0.95208791208791,1000,1160
196024,0.88408304498269,,
196033,0.81007751937984,970,1170
196042,0.72508934953538,1010,1190
196051,0.80844431850382,,
196060,0.67989654361627,1090,1280
196079,0.44152986112867,1310,1470
196088,0.70087804878048,1180,1360
196097,0.48058002369546,1300,1480
196103,0.6531971580817,,
196112,0.77252419955323,1040,1400
196121,0.76448717948717,1040,1230
196130,0.84540101186033,930,1160
196149,0.60499124343257,1090,1240
196158,0.90745501285347,1090,1280
196167,0.73854773151708,1160,1320
196176,0.46138439352667,1150,1318
196185,0.69607645875251,,
196194,0.7964661581539,1060,1280
196200,0.81333333333333,,
196219,0.7541388682975,1120,1320
196237,0.76566225883373,1070,1260
196246,0.67963760582207,1050,1240
196291,0.74052232518955,1100,1288
196413,0.59193085025956,1220,1400
196431,0.95238095238095,,
196440,1,,
196583,1,,
196592,0.76947236180904,,
196653,0.47442680776014,,
196866,0.47028112449799,1270,1450
197027,0.2520961430967,1150,1330
197036,0.10662844858473,1200,1440
197045,0.89441562404638,,
197133,0.20148842337375,1420,1540
197142,0.75570032573289,800,1110
197151,0.71292775665399,1140,1363
197197,0.81730078966259,,
197221,0.20454545454545,1390,1510
197230,0.68297185048454,,
197285,0.978,,
197647,0.67647058823529,,
197692,0.825,,
197708,0.62695035460992,,
197735,0.91532258064516,,
197744,0.71428571428571,,
197869,0.846875,1130,1300
197911,0.9859958506224,970,1150
197984,0.98913633894622,1028,1206
197993,0.79228243021346,,
198066,0.44713261648745,,
198109,0.46,945,1145
198136,0.87252535007242,1030,1230
198215,0.56116416552978,990,1150
198303,0.7925211097708,875,1080
198385,0.17796083307429,,
198419,0.05888980544433,1468,1558
198464,0.93889852954607,,
198507,0.7678624369997,860,1070
198516,0.77711113603229,,
198543,0.82055622732769,830,1040
198561,0.78946438041364,960,1215
198598,0.88141025641025,,
198613,0.82094482986455,950,1200
198695,0.80278026905829,1105,1300
198756,0.44533029612756,,
198808,0.59200900393922,1040,1240
198835,0.8572312770786,,
198862,0.51298871687221,810,988
198871,0.81578947368421,,
198899,0.79509632224168,,
198950,0.69871043376318,1098,1273
198969,0.78586135895676,1110,1230
199032,0.90238907849829,1030,1220
199069,0.82577565632458,990,1150
199102,0.57348569305091,990,1170
199111,0.81626373626373,1130,1330
199120,0.20398588578525,1140,1380
199139,0.7944613571639,1120,1320
199148,0.90837696335078,1095,1260
199157,0.76018922852984,930,1150
199184,0.29750189250567,1160,1380
199193,0.47484696042184,1270,1440
199209,0.28018018018018,860,1120
199218,0.67983789260385,1210,1330
199272,0.52085036794766,1078,1230
199281,0.91842954463965,890,1140
199306,0.71760299625468,891,1165
199412,0.69197830431059,1060,1238
199458,0.48,760,1160
199582,0.74755902716137,,
199607,0.90187891440501,1053,1200
199643,0.65338809034907,,
199698,0.27456428391007,,
199759,0.89887640449438,,
199847,0.25178147268408,,
199865,0.7739965095986,,
199962,0.84526101234288,,
199999,0.81472596420003,880,1040
200004,0.79419889502762,1060,1230
200059,0.99346405228758,923,1063
200156,0.75791139240506,900,1140
200217,0.78785900783289,,
200226,0.60989010989011,,
200253,0.88384754990925,990,1200
200280,0.89030526668903,1110,1290
200332,0.95456220066314,1096,1313
200484,0.96875,,
200572,0.81447963800904,935,1190
200785,0.94095092024539,,
200800,0.84954238302968,,
200846,0.84954238302968,,
201061,1,,
201104,0.70009263547938,1050,1250
201177,0.31914893617021,,
201195,0.79011764705882,1040,1250
201371,0.75218658892128,,
201432,0.78731893960098,,
201441,0.78731893960098,1020,1210
201539,0.96296296296296,,
201548,0.74170153417015,1000,1260
201645,0.30238926336061,1410,1530
201654,0.62243921118131,1120,1350
201690,0.58635740117221,770,950
201821,0.6412213740458,,
201885,0.84830261881668,1150,1350
201946,0.84830261881668,,
201955,0.84830261881668,,
202046,0.6587982832618,1040,1270
202073,0.32894736842105,,
202134,0.91291500086911,900,1170
202170,0.94383561643835,,
202480,0.80633762020623,1130,1330
202514,0.62211614956245,860,1110
202523,0.28266582571218,1230,1430
202763,0.83595948227349,1010,1213
202903,0.64583333333333,,
202912,0.88888888888888,,
202985,0.54545454545454,,
203030,0.9090909090909,,
203085,0.86361126449475,1030,1162
203128,0.93422459893048,,
203368,0.88105842284516,1120,1340
203386,0.81981981981981,,
203447,0.87314521402343,,
203456,0.87314521402343,,
203465,0.87314521402343,,
203474,0.87314521402343,,
203483,0.87314521402343,,
203492,0.87314521402343,,
203517,0.87314521402343,1000,1210
203526,0.87314521402343,,
203535,0.36547822654913,1340,1500
203544,0.25295508274231,,
203580,0.54725085910652,905,1130
203757,0.75239755884917,,
203775,0.78028876333961,993,1178
203845,0.83090909090909,950,1190
203960,0.40972222222222,728,930
204006,0.88599533177725,,
204015,0.88599533177725,,
204024,0.88599533177725,1160,1370
204176,0.52205882352941,,
204185,0.79738190096755,980,1180
204194,0.87225042301184,1020,1218
204200,0.63162086818,1018,1193
204264,0.85623003194888,,
204468,0.82388663967611,890,1100
204501,0.34339907520996,1338,1460
204617,0.53546910755148,,
204635,0.68895292987512,1090,1300
204662,0.57182880715022,,
204671,0.57182880715022,,
204680,0.57182880715022,,
204699,0.57182880715022,,
204705,0.57182880715022,,
204796,0.57182880715022,1250,1440
204802,0.88551971656007,,
204820,0.88551971656007,,
204839,0.88551971656007,,
204848,0.88551971656007,,
204857,0.88551971656007,1070,1290
204866,0.88551971656007,,
204893,1,,
204909,0.74018126888217,1210,1390
204936,0.82895108849307,1028,1233
205027,0.8,,
205054,0.62237762237762,,
205124,0.84375,,
205391,0.99312714776632,,
205559,0.48742746615087,,
205957,0.6845369960124,1100,1310
206048,0.73740335910423,,
206084,0.96522793894673,1030,1280
206349,0.82459016393442,1056,1155
206394,0.5,,
206437,0.79924650161463,1035,1220
206491,0.38798893717898,780,1147
206507,0.86876640419947,960,1150
206525,0.92267726161369,1010,1230
206589,0.60626229012252,1220,1430
206604,0.96253767762308,945,1250
206613,0.96253767762308,790,890
206622,0.84018685439831,1090,1280
206695,0.78148258410241,930,1180
206817,0.54504504504504,938,1033
206835,0.53914988814317,880,1130
206941,0.81304547542489,,
207041,0.64676616915422,881,960
207157,0.55329949238578,880,1060
207263,0.99457259158751,878,1085
207306,0.59302325581395,850,1090
207324,0.96531020680453,1000,1220
207342,0.85229241251876,,
207388,0.68365418684303,1050,1250
207403,0.55743373031117,980,1210
207458,0.79235382308845,1040,1233
207500,0.85229241251876,1150,1340
207582,0.84985074626865,900,1210
207722,0.63450834879406,,
207847,0.73696969696969,880,1080
207865,0.9412331406551,,
207971,0.75243370258476,1070,1370
208479,0.96111111111111,,
208512,0.77659574468085,,
208646,0.97678018575851,,
208725,0.27272727272727,,
208822,0.82537275713924,1090,1350
209056,0.79452799420184,1240,1420
209065,0.84590763603109,,
209241,0.4,,
209287,0.59375,,
209409,0.6798245614035,1140,1215
209506,0.90616155018506,1066,1300
209542,0.88774552146317,1120,1370
209551,0.9342480512073,,
209603,0.97527472527472,,
209612,0.91041482789055,1090,1310
209807,0.98425426447003,1000,1250
209825,0.81185652607107,1165,1360
209922,0.43808844507845,,
210146,0.89702038682697,980,1230
210304,0.75615763546798,,
210331,0.375,1003,1165
210401,0.79619565217391,,
210429,0.91565403859899,,
210492,0.90562248995983,975,1293
210571,0.76313061506565,,
210669,0.75444611099207,1140,1350
210739,0.78221722003376,1080,1260
210775,0.57773226587227,,
211024,0.58273381294964,,
211088,0.82416607523066,1080,1280
211130,1,,
211158,0.90102072378595,,
211273,0.39339427897375,,
211291,0.34502352836722,1295,1450
211352,0.80036855036855,998,1215
211361,0.97076023391812,940,1150
211431,0.92049808429118,955,1140
211440,0.13536600194552,1480,1560
211468,0.68775344687753,1020,1210
211477,0.88663967611336,,
211556,0.73386560212907,,
211583,0.97911445279866,900,1090
211635,0.55555555555555,,
211644,0.99208282582216,,
211802,0.52830188679245,,
211893,0.04803493449781,,
211981,0.92826321467098,1050,1250
212009,0.480835689601,,
212054,0.82626959066021,1210,1410
212106,0.8425608828006,1140,1310
212115,0.93385723641126,960,1150
212133,0.68703108252947,,
212160,0.92373438527284,970,1170
212197,0.79482071713147,1070,1280
212577,0.37538860103626,,
212601,0.83586177833965,990,1250
212656,0.79368149580915,,
212674,0.56332581372864,1280,1430
212805,0.72574447646493,1130,1382
212832,0.90597345132743,990,1200
212911,0.17835708927231,1420,1540
212984,0.77029804727646,930,1220
212993,0.48742746615087,,
213011,0.79583938074504,1083,1230
213020,0.94200768709021,940,1140
213163,0.9090909090909,,
213233,0.96610169491525,,
213251,0.74427896839811,,
213303,0.82145236508994,920,1170
213321,0.95842806105878,,
213349,0.97252911316811,990,1200
213358,0.98130193905817,965,1160
213367,0.81350979718116,,
213385,0.4074074074074,1300,1460
213400,0.96,1010,1210
213507,0.7764160317986,1078,1290
213543,0.4597008577302,1325,1490
213598,0.79751131221719,890,1073
213613,0.94990458015267,980,1190
213622,0.64285714285714,,
213668,0.74740236474381,1080,1250
213774,0.95257731958762,,
213783,0.94400785854616,970,1150
213826,0.8185753640299,1020,1220
213987,0.82378628307218,,
213996,0.77379983726607,1100,1340
214023,1,,
214041,0.96369311647773,1000,1220
214069,0.89102564102564,,
214148,0.58131176999101,,
214157,0.7809250627465,,
214166,0.92373485388453,,
214175,0.67751335599805,1200,1370
214272,0.84204447011261,905,1085
214476,0.43478260869565,,
214528,0.67619047619047,,
214892,0.7840909090909,,
214971,0.83606557377049,,
215053,0.51336898395721,,
215062,0.0586522757935,1480,1570
215105,0.85150812064965,,
215114,0.82318271119842,,
215132,0.61323085369201,1090,1340
215266,0.68307272536467,990,1180
215275,0.68307272536467,1030,1210
215284,0.68307272536467,1020,1230
215293,0.68307272536467,1250,1470
215309,0.68307272536467,1020,1170
215442,0.82323897300855,950,1180
215594,0.28571428571428,957,1145
215637,0.78947368421052,,
215655,0.93954509177972,,
215682,0.72826086956521,,
215691,0.80021834061135,980,1200
215743,0.7333979641299,,
215770,0.83089050375662,1120,1310
215798,0.73025689819219,950,1213
215813,0.73025689819219,,
215929,0.80287564482493,1100,1280
215947,0.73807749627421,,
215974,0.4375,,
215992,0.94117647058823,,
216010,0.93116666666666,970,1180
216038,0.79497568881685,970,1170
216047,1,,
216083,0.97142857142857,,
216278,0.76634472511144,,
216287,0.07785121426375,1430,1560
216296,0.88775510204081,,
216311,0.73469387755102,,
216339,0.72332384019589,,
216357,0.88035714285714,965,1165
216366,0.7809152872444,1130,1320
216524,0.82713462545835,1200,1360
216542,0.81971153846153,,
216597,0.25243752560426,1350,1490
216667,0.83682539682539,1050,1300
216694,0.7496281606346,,
216764,0.89358059914408,1070,1250
216773,0.7391304347826,,
216807,0.82141414141414,1040,1258
216852,0.84525266655009,1080,1275
216931,0.94774819606867,1040,1250
216940,0.4566037735849,,
217013,0.92867756315007,960,1200
217040,0.85714285714285,,
217059,0.77686246418338,1028,1220
217156,0.05514516406115,1460,1570
217165,0.73614889047959,1120,1300
217235,0.85630666000428,,
217305,0.6846452866861,873,1232
217402,0.57983646329409,1120,1330
217420,0.84827394209354,,
217484,0.76462856004779,1090,1290
217493,0.1868409953606,1310,1480
217518,0.90983706970476,,
217536,0.73432601880877,,
217624,0.56631578947368,,
217633,0.50288248337028,,
217688,0.57208121827411,990,1200
217721,0.85507401845097,,
217776,0.56608811748998,980,1168
217819,0.76108181995703,1090,1280
217864,0.86396761133603,,
217873,0.62466044643911,,
217882,0.49222456229923,1220,1420
217907,0.97627965043695,940,1160
217925,0.45627376425855,940,1135
217934,0.98591549295774,,
217961,0.81980450488737,,
217998,0.62666666666666,920,1150
218061,0.86129458388375,930,1120
218070,0.71354892667967,1240,1422
218229,0.6905109489051,950,1150
218238,0.87231815803244,,
218414,0.57407407407407,935,1155
218441,0.69735503560528,980,1210
218539,0.70977596741344,1010,1220
218645,0.83517699115044,960,1170
218654,0.83720930232558,,
218663,0.61562611487691,1150,1360
218672,0.87588152327221,,
218681,0.72086720867208,,
218690,0.83783783783783,,
218706,0.89491525423728,,
218724,0.79135714747109,1030,1190
218733,0.87585102122547,800,1050
218742,0.75699965433805,950,1150
218821,0.80396246089676,,
218964,0.63901827302042,1000,1195
218973,0.52447713169386,1185,1330
219000,0.71821001329198,1020,1300
219046,0.972503617945,970,1150
219082,0.85609397944199,1000,1245
219091,0.75740210124164,860,1100
219198,0.67372881355932,810,1050
219240,0.62068965517241,,
219259,0.79820992676973,1020,1190
219295,0.9373040752351,850,1100
219347,0.80484429065743,1155,1355
219356,0.8742639418081,980,1220
219383,0.76651433319484,,
219471,0.87008426966292,1050,1290
219602,0.93429645754997,,
219639,0.349173553719,,
219709,0.88079883503224,1150,1340
219718,0.49953445065176,875,1108
219806,0.78868946833728,955,1135
219833,0.96572407883461,1030,1280
219903,0.94124423963133,,
219949,0.57763744427934,,
219976,0.73991817650496,1100,1270
220002,0.48742746615087,,
220075,0.87399275954688,,
220181,0.61107217939733,1060,1360
220215,0.87881429816913,985,1195
220464,0.52272727272727,890,960
220473,0.67307692307692,980,1185
220516,0.661853188929,1000,1160
220604,0.97879858657243,898,1093
220613,0.82943294329432,1000,1230
220631,0.69895678092399,993,1226
220701,0.92156862745098,971,1008
220710,0.68190661478599,1100,1320
220862,0.95206489675516,,
220978,0.68400924937744,1010,1210
221351,0.56882286573899,1330,1490
221519,0.60259490629505,1200,1390
221661,0.74399164054336,,
221731,0.59615384615384,930,1180
221740,0.85684238201656,1030,1230
221759,0.74937309839847,1170,1340
221768,0.75117748420448,1010,1170
221847,0.7914847161572,,
221892,0.77699680511182,,
221953,0.77027027027027,910,1110
221971,0.52894736842105,1120,1330
221999,0.07142857142857,1480,1570
222178,0.70263062189356,1050,1270
222831,0.70071123755334,950,1160
222983,0.42711864406779,1120,1340
223117,0.85,,
223232,0.56687985131737,1160,1350
223472,0.83870967741935,,
224004,0.89035392088827,885,1150
224147,0.91276654666297,970,1180
224226,0.93999421631,940,1200
224244,0.16545454545454,,
224323,0.58356713426853,1110,1390
224527,0.64524103831891,,
224545,0.96014277215942,850,1150
224554,0.86661541418412,930,1150
225201,0.56089743589743,,
225247,0.94588235294117,970,1170
225399,0.84873515745998,1040,1250
225414,0.91187953151143,978,1170
225432,0.94843851659076,,
225502,0.53345070422535,,
225511,0.65522694391171,1140,1330
225548,0.59264816204051,,
225575,0.50026666666666,820,1000
225627,0.94221580175575,920,1160
225991,0.51898734177215,,
226091,0.88056779246206,910,1100
226152,0.54379631388941,910,1110
226231,0.54192139737991,1130,1370
226383,0.9518477043673,940,1186
226471,0.99341879755947,970,1160
226587,0.783527696793,1030,1230
226833,0.94597375868278,,
227216,0.81422479684608,1010,1240
227331,0.65776760742435,890,1070
227368,0.93896844154038,,
227429,0.87376902417188,,
227526,0.77002813564341,840,1050
227757,0.09484159220146,1490,1570
227845,0.92165991902834,,
227863,0.98421052631578,1040,1220
227881,0.96581862236067,950,1120
228042,0.83783783783783,970,1160
228149,0.88455284552845,,
228246,0.53127191584316,1340,1510
228325,0.85410334346504,900,1080
228343,0.51040571788942,1150,1330
228431,0.8312636026117,980,1160
228459,0.69990023493064,990,1180
228468,0.57506824385805,900,1130
228501,1,905,1050
228529,0.56807732007131,960,1140
228705,0.92868719611021,900,1120
228723,0.64282613166373,1140,1380
228769,0.92702284165698,1000,1220
228778,0.28745251751744,1230,1500
228787,0.87212018260961,,
228796,0.99980301388752,,
228802,0.93877551020408,1040,1250
228875,0.53614396926498,1130,1350
228981,0.62927756653992,,
229018,0.64686468646864,920,1140
229027,0.90499861916597,1020,1220
229063,0.6304718590108,820,1000
229115,0.67863490934944,1110,1280
229160,0.57530802112144,920,1100
229179,0.95704948646125,950,1160
229267,0.33721171826303,1280,1468
229780,0.80763983628922,,
229814,0.97039874629984,980,1188
230038,0.59183321847002,1220,1440
230047,0.87688821752265,1075,1260
230603,0.88726828984833,1030,1240
230728,0.92631849425065,1080,1310
230764,0.94967763086001,1180,1390
230807,0.757311441765,1150,1350
230816,0.66917728852838,,
230834,0.87290559869227,958,1158
230852,0.62430167597765,,
230889,1,,
230913,0.7539200809307,,
230959,0.13447001511842,1380,1530
230995,0.86768292682926,,
231059,0.85883849088596,,
231095,1,,
231165,0.55683269476372,,
231174,0.63511874486482,1240,1410
231411,0.59452736318407,,
231420,0.47718082033506,910,1155
231554,0.7225,,
231581,0.7508854781582,1065,1250
231624,0.36543633762517,1360,1520
231651,0.40706106870229,960,1230
231712,0.88535602328705,1110,1320
232025,0.8721238938053,,
232043,0.95229357798165,1040,1590
232089,0.76421304608019,920,1180
232186,0.91299264383494,1140,1350
232256,0.36807705538355,1080,1260
232265,0.80124317768344,,
232308,0.74717103136113,,
232423,0.86253305629013,1140,1310
232557,0.99282902137232,,
232566,0.89978249958173,1030,1170
232609,0.96872985170857,,
232618,0.83333333333333,,
232681,0.8191764471852,1130,1320
232706,0.83663157894736,,
232937,0.8864406779661,860,1083
232982,0.96231414691594,1020,1220
233277,0.95314852537419,950,1150
233295,0.83822222222222,,
233301,0.93798449612403,910,1140
233338,0.72165991902834,,
233374,0.28771049802938,,
233408,1,,
233426,0.80375529981829,1080,1230
233541,0.74350152905198,,
233611,0.99512987012987,1018,1226
233718,0.80033557046979,1020,1260
233897,0.83366141732283,990,1230
233921,0.56465496742283,1210,1410
234030,0.927697821264,1070,1300
234076,0.20743782702049,1380,1500
234085,0.63912201420271,1080,1300
234155,0.96081379033874,830,1040
234164,0.93784323514727,756,893
234173,0.86368015414258,1150,1380
234207,0.18849116447666,1410,1530
234827,0.88446178136899,,
235024,0.63813813813813,,
235097,0.97069943289224,,
235167,0.99459945994599,1000,1200
235316,0.76154975714447,1210,1380
236133,0.95983086680761,985,1210
236230,0.88385093167701,1150,1376
236328,0.88298507462686,1150,1370
236452,0.71617037316245,995,1225
236577,0.91947694425326,1050,1300
236595,0.82117343951282,1120,1330
236939,0.85766884651316,,
236948,0.57020325789246,,
237011,0.9609640831758,1090,1310
237057,0.58952473326867,1295,1455
237066,0.91455375253549,1070,1280
237118,0.66532258064516,900,1110
237136,0.46153846153846,1035,1190
237181,0.73552735923869,870,1110
237215,0.96859666339548,880,1110
237312,0.69707661290322,,
237330,0.95629672225416,890,1130
237358,0.77613776137761,,
237367,0.98754951895868,900,1090
237525,0.9780435558729,930,1150
237561,0.96969696969696,,
237701,0.88645972407654,,
237792,0.96412556053811,960,1180
237899,0.96552889489692,,
237932,0.7384806973848,890,1175
237950,0.88645972407654,920,1130
237969,0.84428086070215,968,1180
238032,0.88645972407654,1030,1230
238078,0.78073610023492,950,1180
238096,1,,
238193,0.9084084084084,,
238324,0.85294117647058,,
238333,0.67276608722171,1200,1390
238430,0.88907849829351,1010,1220
238458,0.70497656773041,1070,1290
238476,0.75691630975807,980,1200
238616,0.66816494039476,,
238661,0.95492487479131,,
238980,0.80108991825613,,
239017,0.74957000343997,1230,1460
239071,0.8030303030303,930,1230
239080,0.76271186440677,800,1080
239105,0.86256914566687,1180,1360
239309,0.68274383708467,,
239318,0.66718266253869,1160,1405
239390,0.62363788767812,866,1123
239512,0.57660167130919,1010,1160
239628,0.79766693483507,940,1160
239716,0.851487582985,1100,1280
240107,0.77457098283931,920,1290
240189,0.82967525195968,,
240268,0.77462845010615,,
240277,0.91432737878235,,
240329,0.73850290080656,,
240338,0.98019075568598,1010,1170
240365,0.89887376818395,,
240374,0.74967177242888,,
240392,0.94095092024539,,
240417,0.91390593047034,,
240426,0.76232686980609,,
240444,0.60354028374332,1320,1500
240453,0.88958375361441,,
240462,0.87567882079131,,
240471,0.86244596999745,,
240480,0.9016049382716,,
240727,0.96775907883082,,
241191,1,,
241225,0.98290598290598,,
241331,0.94329896907216,,
241395,0.87008234217749,,
241410,0.87008234217749,,
241720,0.76923076923076,,
241766,0.5076923076923,,
241836,0.62666666666666,,
241951,0.99115044247787,,
242042,0.82227488151658,,
242556,0.82227488151658,,
242565,0.82227488151658,,
242583,0.82227488151658,,
242617,0.54761904761904,,
242626,0.56884057971014,,
242635,0.52868852459016,,
242644,0.79483282674772,,
242653,0.65358931552587,,
242662,0.61627906976744,,
242680,0.53118279569892,,
242699,0.91856677524429,,
242705,0.675430643699,,
242945,0.89090909090909,,
242954,0.84210526315789,,
243081,0.48717948717948,,
243106,0.89707927677329,868,1078
243115,0.55821271239773,,
243133,0.7886462882096,,
243142,0.44706498951781,822,1057
243151,0.48035837353549,905,1131
243179,0.49591964846202,,
243188,0.62837837837837,,
243197,0.49379600420609,,
243212,0.48571428571428,,
243221,0.50255416593271,,
243443,0.61563071297989,,
243568,0.58333333333333,,
243586,0.87008234217749,,
243638,0.77287066246056,,
243665,0.98412698412698,830,1030
243744,0.03948008869499,1470,1570
243780,0.68810148731408,1190,1430
243799,0.61538461538461,,
243832,0.62666666666666,,
244233,0.85416666666666,,
244437,0.99989183732333,,
245652,0.62719298245614,1280,1470
245777,1,,
246071,1,,
247649,0.52878464818763,,
247773,0.86363636363636,,
248633,0.57894736842105,,
248934,0.82465639316951,,
250027,0.9090909090909,,
260363,1,,
260813,0.58333333333333,,
262022,0.88682926829268,,
262086,0.92857142857142,,
262129,0.74181818181818,1120,1340
262466,1,,
363934,0.91180461329715,,
365213,0.43838862559241,,
365383,0.75675675675675,,
365763,1,,
366711,0.93300443300443,,
368443,0.48742746615087,,
368452,0.46777163904235,,
369455,0.78125,1000,1090
369668,0.78014184397163,,
372462,1,,
373711,0.90625,,
375966,1,,
377218,0.93333333333333,,
377546,0.71917808219178,,
377555,0.57020325789246,,
377564,0.57020325789246,,
379621,0.81818181818181,,
382416,1,,
383525,0.09771986970684,,
383996,0.325,,
384254,0.56779661016949,,
384421,0.82857142857142,,
385619,0.60421545667447,,
386153,0.86654804270462,,
386472,0.94095092024539,,
399911,0.52408477842003,1205,1400
405058,0.86,,
406422,0.68292682926829,,
406547,0.85416666666666,,
408729,0.94117647058823,,
409616,0.90983706970476,,
409698,0.92808697386794,,
414878,0.78499520613614,,
417327,0.8,,
417628,0.92857142857142,,
417646,1,,
417655,1,,
417682,1,,
417716,0.46153846153846,,
417734,0.33333333333333,,
417752,1,,
417868,0.26582278481012,,
417992,1,,
418010,1,,
418029,1,,
418056,0.66666666666666,,
418065,0.76666666666666,,
418427,0.47826086956521,,
418445,0.83333333333333,,
418524,0.44036697247706,,
418588,0.68965517241379,,
419031,1,,
419217,1,,
420325,0.3728813559322,,
421708,0.99377593360995,,
421832,0.46551724137931,,
421841,0.89759036144578,,
422695,0.71428571428571,,
426314,0.72428128523111,,
427308,0.91578947368421,,
428170,0.92342342342342,,
428259,0.53168376584188,,
430670,0.77272727272727,,
430883,1,,
430971,1,,
431105,0.86746987951807,,
431266,0.48854961832061,,
431600,0.8125,,
432524,0.97972972972972,,
433040,1,,
433174,0.61111111111111,920,1110
433536,0.94095092024539,,
433660,0.8920619554695,1010,1180
434362,1,,
434539,0.85416666666666,,
436818,0.60840937480151,1010,1230
436827,0.60840937480151,1035,1260
436836,0.60840937480151,1040,1260
437237,0.58620689655172,,
437316,0.84590763603109,,
437325,0.84590763603109,,
437732,0.19747899159663,,
438337,0.90116279069767,,
439455,0.84210526315789,,
439701,1,870,1130
439862,0.7391304347826,,
440828,0.88774552146317,1105,1340
440916,0.58882002105016,,
441487,0.7,,
441609,0.55555555555555,,
441636,1,,
441742,0.95548961424332,,
441858,0.52941176470588,,
441900,0.79024390243902,,
441937,0.93000865426222,,
441982,0.17971334068357,1490,1580
442213,0.6,,
442356,0.49087221095334,,
442426,1,,
443058,0.6,,
443261,1,,
443410,0.46019629225736,1178,1390
443599,0.61904761904761,,
444255,0.48742746615087,,
444413,0.77142857142857,,
444440,0.89473684210526,,
444866,1,,
445188,0.86597344655129,,
445267,0.98970588235294,,
445692,0.90539165818921,,
445708,0.85630666000428,,
446048,0.64048582995951,,
446233,0.6734693877551,,
446303,1,,
446385,0.82989690721649,,
446394,1,,
446561,0.10497572815533,,
447263,0.86285714285714,,
447689,0.93034825870646,940,1170
447953,1,,
449384,0.44827586206896,,
449506,0.95348837209302,,
449612,0.62711864406779,,
449658,0.58823529411764,,
449764,0.36625514403292,605,1250
449861,0.743961352657,,
450304,0.53614396926498,,
451352,1,,
451370,0.8,,
451398,0.63063063063063,,
451404,0.75555555555555,,
451413,0.26666666666666,,
451583,0.66523605150214,,
451927,0.82426778242677,1170,1408
452106,0.82227488151658,,
452771,0.01424082103504,,
452780,0.01424082103504,,
453297,0.01424082103504,,
454184,0.43818001978239,1140,1390
454227,0.77777777777777,,
454236,0.77777777777777,,
454245,0.77777777777777,,
454582,0.53168376584188,,
455196,0.59386973180076,,
455257,0.68367346938775,,
455433,0.19747899159663,,
455664,0.19747899159663,,
455770,0.825,,
456959,0.73447121097547,,
457129,0.77777777777777,,
457925,0,,
458034,0.78260869565217,,
459417,0.53488372093023,850,1160
459745,0.19747899159663,,
459842,0.94095092024539,,
459851,0.94095092024539,,
459949,0.72744290527892,925,1136
460181,0.85427135678391,,
460190,0.94339622641509,,
460206,0.9375,,
460349,0.85630666000428,,
460376,1,,
460385,0.71794871794871,,
460871,0.77777777777777,,
460914,1,,
461254,1,,
461528,0.95454545454545,,
461759,0.57647058823529,,
461847,0.78947368421052,,
461953,1,,
462354,0.78853046594982,1068,1288
463056,0.60840937480151,1020,1210
464226,0.53168376584188,860,1090
466921,0.77777777777777,,
466930,0.77777777777777,,
475200,0.91455375253549,,
475273,0.76901507185418,,
475477,0.85416666666666,,
475608,0.97674418604651,1090,1150
475635,0.39130434782608,,
475732,0.77777777777777,,
475741,0.77777777777777,,
476601,1,,
476683,0.7,,
476692,0.51111111111111,,
476753,0.79220779220779,,
476939,1,,
476975,0.96031746031746,,
479992,0.5,,
480198,0.75615763546798,,
480569,0.66342502547003,955,1140
480781,0.56521739130434,,
480912,0.16666666666666,,
480985,0.81818181818181,,
481137,0.875,,
481182,0.53947368421052,,
481225,1,,
481368,1,,
481410,0.5,,
481438,1,,
482149,0.73281881661154,1080,1300
482158,0.99386753883892,943,1160
482185,0.82258064516129,,
482228,1,,
482413,0.44861090025808,,
482422,0.44861090025808,,
482431,0.44861090025808,,
482440,0.44861090025808,,
482459,0.44861090025808,,
482468,0.44861090025808,,
482477,0.44861090025808,,
482538,0.44861090025808,,
482547,0.44861090025808,,
482556,0.44861090025808,,
482565,0.44861090025808,,
482574,0.44861090025808,,
482608,0.44861090025808,,
482617,0.44861090025808,,
482635,0.44861090025808,,
482653,0.44861090025808,,
482680,0.81156069364161,1040,1223
482705,0.18378874063048,,
482936,0.54566854990583,1183,1370
482990,0.99377593360995,,
483018,0.71904761904761,,
483036,0.95918367346938,,
483124,0.86360587857934,,
483814,0.26765799256505,,
484473,0.31321616672644,1230,1370
484844,0.01424082103504,,
484899,0.79220779220779,,
484905,0.89915966386554,860,1020
485360,1,,
485698,0.89855072463768,1030,1210
485999,0.84210526315789,,
486017,1,,
486026,0.66666666666666,,
486053,0.01424082103504,,
486196,0.65217391304347,,
486202,0.75,,
486284,0.94871794871794,,
486488,1,,
486512,0.82517482517482,,
486840,0.81587042199365,1050,1250
486877,0.76666666666666,,
486886,0.76666666666666,,
486901,0.60348837209302,1005,1180
486938,0.77777777777777,,
486947,0.77777777777777,,
486956,0.77777777777777,,
486965,0.48742746615087,,
487092,0.15602281623979,1420,1540
487153,0.19747899159663,,
487375,0.99377593360995,,
487524,0.85546038543897,,
487588,0.94124423963133,,
487603,0.95983086680761,,
487658,0.92857142857142,,
487746,0.5,,
487861,0.8695652173913,,
487977,1,,
488004,0,,
488305,0.97560975609756,,
488314,0.33333333333333,,
488350,0.5,,
488420,0.65079365079365,,
488563,0.9,,
488590,0.01424082103504,,
488679,0.91907216494845,,
488776,1,,
488785,0.78481012658227,,
488846,0.01424082103504,,
489335,0.01424082103504,,
489344,0.77777777777777,,
489353,0.77777777777777,,
489937,0.46268656716417,,
490054,0.89030612244897,,
490063,1,,
490133,0.65134529147982,,
490203,1,,
490221,0.92307692307692,,
490319,1,,
490382,1,,
490498,1,,
490504,0.91666666666666,,
490513,0.5,,
490805,0.76359143327841,990,1190
491057,0.85714285714285,,
491075,0.61538461538461,,
491190,0.19747899159663,,
491251,1,,
491288,0.88958375361441,,
491297,0.74967177242888,,
491446,0.89629629629629,,
491525,0.81578947368421,,
491613,1,,
491622,0.75,,
491631,0.88524590163934,,
491640,0.72727272727272,,
491710,0.57142857142857,,
491765,1,,
491817,0.76,,
491914,0.3125,,
492032,0.01424082103504,,
492306,0.01424082103504,,
492315,0.01424082103504,,
492324,0.01424082103504,,
492476,0.62666666666666,,
492607,0.19747899159663,,
492704,0.48717948717948,,
492759,0.77777777777777,,
492801,0.65418163160595,,
492962,0.65008025682183,,
493479,0.63636363636363,,
493585,0.73333333333333,,
493594,0.5,,
493619,0.19230769230769,,
493646,0.95205479452054,,
493664,1,,
493682,1,,
493707,0.94117647058823,,
493716,0.36842105263157,,
493798,0.74074074074074,,
493813,1,,
493947,0.01424082103504,,
494010,0.48717948717948,,
494162,0.99377593360995,,
494278,0.62666666666666,,
494287,0.62666666666666,,
494463,0.91549295774647,,
494597,0.01424082103504,,
494603,0.01424082103504,1000,1240
494685,0.725,,
494807,0.48717948717948,,
494940,0.01424082103504,,
494959,0.01424082103504,,
495031,0.75,,
495271,0.01424082103504,,
495420,0.99377593360995,,
495439,0.99377593360995,,
495448,0.99377593360995,,
495457,0.99377593360995,,
495767,0.92264650518172,1140,1360
496469,0.01424082103504,,
496478,0.92857142857142,,
496593,1,,
496618,0.29891304347826,,
496627,0.95481927710843,,
496681,0.30884808013355,,
496973,0.94095092024539,,
497037,0.70263062189356,,
497213,1,,
497268,0.99377593360995,,
497277,0.99377593360995,,
10236801,0.95270469997044,,
10236802,0.95270469997044,,
10236803,0.95270469997044,,
10236808,0.95270469997044,,
10236809,0.95270469997044,,
10415101,0.86360587857934,,
10415102,0.86360587857934,,
10415103,0.86360587857934,,
10415104,0.86360587857934,,
10415105,0.86360587857934,,
10415106,0.86360587857934,,
10415107,0.86360587857934,,
10415108,0.86360587857934,,
10415109,0.86360587857934,,
10415110,0.86360587857934,,
10415111,0.86360587857934,,
10415112,0.86360587857934,,
10704401,0.54136363636363,,
11046801,1,,
11046802,1,,
11046803,1,,
11046804,1,,
11046805,1,,
11710401,0.93965517241379,,
11917301,0.90116959064327,,
12240901,0.3790422701744,,
12293101,0.53982668566001,,
12429201,0.83141762452107,,
13247101,0.63693549901417,,
13508101,0.96067961165048,,
13508102,0.96067961165048,,
13508103,0.96067961165048,,
13508104,0.96067961165048,,
13508105,0.96067961165048,,
13508106,0.96067961165048,,
13508107,0.96067961165048,,
13508108,0.96067961165048,,
13508109,0.96067961165048,,
13508110,0.96067961165048,,
13508111,0.96067961165048,,
13508112,0.96067961165048,,
13508113,0.96067961165048,,
13508114,0.96067961165048,,
13508115,0.96067961165048,,
13508116,0.96067961165048,,
14736901,0.97651006711409,,
14736903,0.97651006711409,,
15208001,0.1506640724135,,
15336601,0.66621712744436,,
15468801,0.9905808477237,,
16061201,0.98935037273695,,
16061202,0.98935037273695,,
16061203,0.98935037273695,,
16061204,0.98935037273695,,
16125301,0.96458402940193,,
16884703,0.40991839296924,,
16884704,0.40991839296924,,
16884706,0.40991839296924,,
16884707,0.40991839296924,,
16908001,0.75062719518314,,
16947903,0.98265460030165,,
16947904,0.98265460030165,,
16947905,0.98265460030165,,
16947907,0.98265460030165,,
16947909,0.98265460030165,,
16947912,0.98265460030165,,
16947922,0.98265460030165,,
16947925,0.98265460030165,,
17395701,0.49056603773584,,
17395702,0.49056603773584,,
17601701,0.89662587681122,,
17733901,0.63643790849673,,
18557201,0.83540448343079,,
18908801,0.61257976298997,,
18908802,0.61257976298997,,
18908803,0.61257976298997,,
18908804,0.61257976298997,,
18908805,0.61257976298997,,
18908806,0.61257976298997,,
18908807,0.61257976298997,,
18908808,0.61257976298997,,
18908809,0.61257976298997,,
19004401,0.74582798459563,,
19050301,0.98103112840466,,
19050302,0.98103112840466,,
19054901,0.51359304932735,,
19200401,0.86111111111111,,
19457801,0.67861651098207,,
19476301,0.95689655172413,,
19580901,0.85142446529715,,
20354401,0.25295508274231,,
20417601,0.52205882352941,,
21316301,0.9090909090909,,
21398701,0.82378628307218,,
21608301,0.97142857142857,,
22872301,0.64282613166373,,
23091302,0.7539200809307,,
23155401,0.7225,,
23693901,0.85766884651316,,
23693902,0.85766884651316,,
23693903,0.85766884651316,,
23693904,0.85766884651316,,
24366501,0.98412698412698,,
24378001,0.68810148731408,,
24378002,0.68810148731408,,
24378003,0.68810148731408,,
24378004,0.68810148731408,,
24378006,0.68810148731408,,
24378007,0.68810148731408,,
24378008,0.68810148731408,,
24378009,0.68810148731408,,
24378010,0.68810148731408,,
24893401,0.82465639316951,,
24893402,0.82465639316951,,
24893403,0.82465639316951,,
24893404,0.82465639316951,,
24893405,0.82465639316951,,
24893406,0.82465639316951,,
24893407,0.82465639316951,,
24893408,0.82465639316951,,
24893410,0.82465639316951,,
24893411,0.82465639316951,,
24893412,0.82465639316951,,
24893413,0.82465639316951,,
24893414,0.82465639316951,,
24893415,0.82465639316951,,
24893416,0.82465639316951,,
24893417,0.82465639316951,,
24893418,0.82465639316951,,
38561901,0.60421545667447,,
38561902,0.60421545667447,,
38561903,0.60421545667447,,
38561904,0.60421545667447,,
42817001,0.92342342342342,,
45519601,0.59386973180076,,
45519602,0.59386973180076,,
45519603,0.59386973180076,,
45519604,0.59386973180076,,
45519605,0.59386973180076,,
45519606,0.59386973180076,,
45519607,0.59386973180076,,
49005401,0.89030612244897,,
49022101,0.92307692307692,,
49576701,0.92264650518172,,
49576702,0.92264650518172,,
49576703,0.92264650518172,,
49576704,0.92264650518172,,
49576705,0.92264650518172,,
49576706,0.92264650518172,,
49576707,0.92264650518172,,
49576708,0.92264650518172,,
49576709,0.92264650518172,,
49576710,0.92264650518172,,
49576711,0.92264650518172,,
49576712,0.92264650518172,,
49576713,0.92264650518172,,
49576714,0.92264650518172,,
49576715,0.92264650518172,,
49576716,0.92264650518172,,
49576717,0.92264650518172,,
49576718,0.92264650518172,,
49576719,0.92264650518172,,
49576720,0.92264650518172,,
49576721,0.92264650518172,,
49576722,0.92264650518172,,
49576723,0.92264650518172,,
